startPos_x,startPos_y,startPos_z,hitPos_z,hitPos_y,hitPos_z,rayDir_x,rayDir_y,rayDir_z,cross_x,cross_y,cross_z
-0.006690264,0.990239,-10.00734,-0.1014444,-3.780193,-0.1014444,0.001845599,-0.3761327,0.926564,0.6941772,-0.009816469,-0.005367647
-0.004407894,0.9851281,-10.00144,-0.1732311,-3.836185,-0.1732311,0.01299999,-0.4100383,0.9119757,0.3669782,-0.1007989,-0.05055194
-0.003670391,0.9863213,-10.00077,-0.1579721,-3.82152,-0.1579721,0.01156085,-0.4014813,0.9157943,0.4512923,-0.08980488,-0.04506723
-0.003808554,0.9875598,-10.0031,-0.1277977,-3.797746,-0.1277977,0.004087103,-0.3866801,0.9222049,0.5944505,-0.02989714,-0.01517039
-0.003547766,0.9879434,-10.0061,-0.1051313,-3.785384,-0.1051313,0.00381862,-0.3776369,0.9259459,0.6808722,-0.02793955,-0.01420277
-0.00305888,0.9892056,-10.00784,-0.08141199,-3.77509,-0.08141199,0.007861677,-0.3697568,0.9290953,0.75612,-0.06066918,-0.03054284
-0.002850264,0.9896448,-10.007,-0.0766468,-3.773395,-0.0766468,0.01095435,-0.3685195,0.9295555,0.7679808,-0.08557662,-0.04297687
-0.002749489,0.9896742,-10.0054,-0.07433049,-3.772948,-0.07433049,0.01252376,-0.3680115,0.9297369,0.773236,-0.09819925,-0.04928521
-0.003117215,0.9894373,-10.00537,-0.08085026,-3.774909,-0.08085026,0.01036752,-0.3698106,0.9290493,0.7561204,-0.08066786,-0.04054782
-0.0034342,0.9896751,-10.00602,-0.07461412,-3.772837,-0.07461412,0.01123165,-0.3679695,0.9297701,0.773586,-0.08735288,-0.04391607
-0.003440335,0.9904654,-10.00657,-0.0542967,-3.767143,-0.0542967,0.01350653,-0.3625669,0.9318599,0.8250604,-0.1055584,-0.0530291
-0.003589101,0.991066,-10.00674,-0.03552186,-3.763013,-0.03552186,0.01333537,-0.358108,0.9335849,0.867564,-0.1040743,-0.05231351
-0.003715011,0.9911668,-10.00677,-0.0317086,-3.76202,-0.0317086,0.01166886,-0.3571432,0.9339768,0.8768399,-0.09063845,-0.04561423
-0.003455747,0.9911969,-10.00653,-0.03217295,-3.762107,-0.03217295,0.01205833,-0.3572811,0.9339191,0.8755522,-0.09394766,-0.04724545
-0.003207847,0.9913244,-10.00645,-0.0302521,-3.761951,-0.0302521,0.01269169,-0.356942,0.9340403,0.878828,-0.09920205,-0.04985138
-0.003315046,0.9918488,-10.00644,-0.01302397,-3.759851,-0.01302397,0.0120777,-0.3535784,0.9353269,0.9109354,-0.09420326,-0.04737407
-0.003551438,0.9924055,-10.00722,0.01449865,-3.759614,0.01449865,0.01307404,-0.3494516,0.9368632,0.9498863,-0.102006,-0.05130419
-0.003900688,0.9929171,-10.00786,0.06705189,-3.767957,0.06705189,0.01312659,-0.3451555,0.9384537,0.9904468,-0.1021668,-0.05142995
0.05140473,1.036895,-10.04592,-5.051233,1.133623,-5.051233,0.6222105,0.07916783,0.7788367,0.3200831,0.5716188,-0.3138179
0.05574644,1.039945,-10.06083,-5.100853,1.18131,-5.100853,0.6594777,0.1152684,0.7428341,0.4667181,0.2682049,-0.4559641
0.05426332,1.040012,-10.06556,-5.066374,1.184359,-5.066374,0.6392639,0.1159079,0.7602019,0.4697123,0.417223,-0.4586013
0.05220503,1.040196,-10.06329,-5.021954,1.183758,-5.021954,0.6175839,0.1127772,0.7783775,0.456803,0.5793951,-0.4463858
0.05119267,1.039495,-10.05874,-5.02733,1.165715,-5.02733,0.6157519,0.1000721,0.7815595,0.4048548,0.6022878,-0.3960828
0.0501649,1.03728,-10.0539,-5.045123,1.128951,-5.045123,0.6175976,0.0741344,0.7829925,0.2995454,0.6035242,-0.2934133
0.04865973,1.035075,-10.0501,-5.04179,1.103542,-5.04179,0.6131774,0.05560938,0.7879854,0.2245582,0.6439822,-0.2201887
0.04740753,1.034396,-10.04851,-5.038118,1.096881,-5.038118,0.6110109,0.0507754,0.7899921,0.2050418,0.6622527,-0.2011525
0.04625273,1.033907,-10.04876,-5.041277,1.08729,-5.041277,0.6117193,0.0435629,0.7898746,0.1759747,0.6595304,-0.172658
0.04485055,1.034382,-10.04886,-5.030455,1.091363,-5.030455,0.6071323,0.04619431,0.7932569,0.1866212,0.6923022,-0.183149
0.04366019,1.03448,-10.0495,-5.021344,1.089127,-5.021344,0.6029347,0.04402951,0.7965746,0.1778571,0.7228596,-0.1745767
0.04310535,1.034372,-10.04983,-5.015943,1.087674,-5.015943,0.6005491,0.04284006,0.7984394,0.1730937,0.7400892,-0.1699023
0.04301486,1.034326,-10.04975,-5.014378,1.085946,-5.014378,0.5997537,0.0414176,0.7991121,0.1673031,0.7460644,-0.1642334
0.04307788,1.034046,-10.04938,-5.013158,1.08211,-5.013158,0.5989634,0.03852789,0.799849,0.1555906,0.7523153,-0.1527516
0.0430749,1.033655,-10.04875,-5.007926,1.078254,-5.007926,0.5966141,0.03564626,0.8017362,0.14393,0.7695932,-0.141323
0.04336123,1.033245,-10.04841,-5.009387,1.07418,-5.009387,0.5969322,0.03278745,0.8016216,0.1324024,0.7678311,-0.1299996
0.04341628,1.033192,-10.04808,-5.00963,1.071759,-5.00963,0.5968914,0.03092554,0.8017258,0.1248967,0.7685306,-0.1226317
0.04332311,1.033327,-10.04809,-5.009082,1.071885,-5.009082,0.5966784,0.03089974,0.8018854,0.1247852,0.7700815,-0.1225262
0.04291842,1.033118,-10.04859,-5.007707,1.070706,-5.007707,0.5960625,0.03004889,0.8023756,0.1213133,0.774534,-0.1191265
0.04167167,1.03248,-10.04946,-5.00043,1.057771,-5.00043,0.5926233,0.02006987,0.8052297,0.08096865,0.8001323,-0.07953314
0.04292721,1.030918,-10.05027,-4.998643,1.029073,-4.998643,0.5912189,-0.001410122,0.8065099,-0.005635309,0.8096888,0.00554669
0.04263391,1.032559,-10.05151,-4.99381,1.036386,-4.99381,0.5893721,0.003218675,0.8078552,0.01318717,0.8220921,-0.01289612
0.04071088,1.034214,-10.05078,-4.967317,1.046337,-4.967317,0.5809125,0.009540441,0.8139101,0.03863071,0.8818822,-0.03790911
0.03904695,1.034463,-10.04828,-4.966994,1.038232,-4.966994,0.5810542,0.002912878,0.8138597,0.01173379,0.8833575,-0.01153894
0.03859505,1.033187,-10.04539,-4.985402,1.017456,-4.985402,0.5874689,-0.01262611,0.8091483,-0.05115993,0.8404024,0.05025763
0.03953609,1.029474,-10.04279,-4.979481,0.9807774,-4.979481,0.5874351,-0.03855145,0.8083525,-0.1558336,0.8379924,0.1532103
0.03945284,1.028038,-10.04093,-4.903562,0.9621987,-4.903562,0.5716732,-0.04873065,0.819033,-0.1964228,0.9448695,0.1933179
0.04184334,1.030518,-10.04244,-4.928149,0.9756547,-4.928149,0.5741498,-0.0415746,0.8176941,-0.167763,0.9273117,0.164944
0.04095588,1.030196,-10.04342,-4.925224,0.9744393,-4.925224,0.5736836,-0.04210057,0.8179943,-0.1698702,0.9305117,0.1670266
0.04064012,1.030323,-10.04483,-4.924757,0.9746477,-4.924757,0.5735096,-0.04196287,0.8181234,-0.1693036,0.9312904,0.1664502
0.03950252,1.032107,-10.04511,-4.930983,0.9887331,-4.930983,0.5737103,-0.0327865,0.8184018,-0.1321774,0.9321966,0.1300034
0.03823905,1.033762,-10.04539,-4.927728,1.008005,-4.927728,0.57206,-0.01946572,0.8199807,-0.07849845,0.9458244,0.07721764
0.03853271,1.033528,-10.04633,-4.912593,1.006774,-4.912593,0.5692874,-0.02011291,0.8218925,-0.08126574,0.9639835,0.07987915
0.03982136,1.032899,-10.047,-4.93678,1.00087,-4.93678,0.5740361,-0.02442449,0.8184657,-0.09859969,0.9300613,0.09690822
-0.03624623,1.035677,-10.02777,4.753253,1.062393,4.753253,-0.3476312,0.009048337,0.9375877,0.1086952,0.4561343,0.03589913
-0.03578685,1.03433,-10.02763,4.750443,1.02351,4.750443,-0.3419586,-0.003732345,0.9397076,-0.04498987,0.3791337,-0.01486591
-0.0350805,1.033834,-10.02764,4.7533,1.009976,4.7533,-0.3287143,-0.008163143,0.9443941,-0.09812669,0.2007661,-0.03241947
-0.03472267,1.034929,-10.02797,4.755551,1.032597,4.755551,-0.3224933,-0.0007597613,0.9465715,-0.009025248,0.1171441,-0.002980842
-0.03456993,1.03504,-10.02865,4.75572,1.037711,4.75572,-0.3222359,0.0009043431,0.946659,0.0108424,0.1137595,0.003582
-0.03401979,1.034899,-10.02895,4.757773,1.034876,4.757773,-0.3193591,-1.767976E-05,0.9476338,-0.0002390583,0.07495975,-7.916576E-05
-0.03351127,1.035247,-10.02934,4.763106,1.040937,4.763106,-0.3133343,0.00197918,0.9496408,0.02387314,-0.005738258,0.007888909
-0.03317765,1.03586,-10.02961,4.768143,1.054085,4.768143,-0.309111,0.006267003,0.9510053,0.07540493,-0.06212616,0.02491873
-0.03301811,1.035509,-10.02985,4.767682,1.045232,4.767682,-0.3091203,0.003309993,0.9510172,0.03973234,-0.06212425,0.01313089
-0.03336864,1.035385,-10.03014,4.762467,1.040192,4.762467,-0.3139686,0.001667776,0.9494319,0.02010672,0.002810478,0.006644176
-0.03329698,1.035748,-10.03021,4.762639,1.046135,4.762639,-0.3139598,0.003574977,0.9494296,0.04302253,0.002677917,0.01421672
-0.03268154,1.035783,-10.03016,4.767028,1.048378,4.767028,-0.3098306,0.004315642,0.950782,0.05188498,-0.05282736,0.01714751
-0.03218,1.035622,-10.03043,4.770381,1.046444,4.770381,-0.3068932,0.003711594,0.9517367,0.04463507,-0.09225702,0.01475263
-0.03170632,1.035828,-10.03061,4.776625,1.048042,4.776625,-0.302156,0.004186635,0.9532493,0.05034979,-0.1555457,0.01664277
-0.03184393,1.035805,-10.03069,4.771819,1.05104,4.771819,-0.3059165,0.005221393,0.9520441,0.06278539,-0.1054134,0.02075271
-0.03180846,1.035477,-10.03052,4.768933,1.041736,4.768933,-0.3080049,0.002125665,0.9513824,0.02550344,-0.07774162,0.008430297
-0.03128633,1.03501,-10.03022,4.775606,1.028288,4.775606,-0.3027875,-0.00231236,0.9530553,-0.02782918,-0.1475978,-0.009199495
-0.03096662,1.034764,-10.0299,4.779659,1.02059,4.779659,-0.3001564,-0.004866236,0.9538776,-0.05854633,-0.1828237,-0.01935543
-0.0308492,1.034537,-10.0298,4.777788,1.016888,4.777788,-0.3016156,-0.006050454,0.9534104,-0.07276595,-0.1635342,-0.02405764
-0.03007864,1.034544,-10.02976,4.784004,1.018074,4.784004,-0.2974362,-0.005635304,0.9547251,-0.06775545,-0.2196112,-0.02240488
-0.02938316,1.034662,-10.02972,4.787998,1.021166,4.787998,-0.2949079,-0.004612873,0.9555146,-0.05545657,-0.2536912,-0.01834072
-0.02960867,1.034976,-10.02993,4.776157,1.034441,4.776157,-0.3024322,-0.0001679752,0.9531709,-0.001977099,-0.153677,-0.0006543971
-0.02939362,1.035076,-10.03005,4.777038,1.034884,4.777038,-0.3018106,-6.091502E-05,0.9533679,-0.0007191105,-0.1620717,-0.0002380065
-0.02871779,1.034945,-10.02997,4.789621,1.028887,4.789621,-0.2938186,-0.002077689,0.9558589,-0.02499958,-0.2686086,-0.008268404
-0.02862947,1.034894,-10.02979,4.790333,1.027025,4.790333,-0.2934428,-0.002689016,0.9559729,-0.03232887,-0.2736902,-0.01069343
-0.02854241,1.034842,-10.02955,4.78976,1.025206,4.78976,-0.2938201,-0.003293278,0.9558551,-0.03959343,-0.2688093,-0.01309676
-0.02836884,1.034864,-10.02938,4.790764,1.024758,4.790764,-0.2932636,-0.003452478,0.9560254,-0.041505,-0.2763481,-0.01372975
-0.02821286,1.035051,-10.02939,4.792627,1.026929,4.792627,-0.2921749,-0.002766808,0.9563609,-0.0332418,-0.2908888,-0.01099716
-0.02816677,1.035147,-10.02962,4.793825,1.030634,4.793825,-0.2914576,-0.001536099,0.9565825,-0.01845275,-0.3003774,-0.00610465
-0.02831196,1.0353,-10.02978,4.793186,1.034112,4.793186,-0.291779,-0.0004060906,0.9564857,-0.00488267,-0.2959795,-0.001615136
-0.02829695,1.035287,-10.02963,4.794032,1.031539,4.794032,-0.2913291,-0.001284068,0.9566221,-0.01544968,-0.3019786,-0.00511038
-0.02820072,1.035316,-10.02936,4.795126,1.031138,4.795126,-0.2907461,-0.001422788,0.9567992,-0.01709442,-0.3098297,-0.005655271
-0.02821408,1.035256,-10.02931,4.79452,1.029731,4.79452,-0.2910904,-0.00189668,0.9566936,-0.02283,-0.3052692,-0.007551628
-0.02856473,1.035331,-10.02957,4.785575,1.034153,4.785575,-0.2962213,-0.0003986033,0.9551193,-0.004779868,-0.236989,-0.001581334
-0.02867598,1.035439,-10.02958,4.78103,1.038591,4.78103,-0.2991338,0.001084045,0.9542106,0.0130478,-0.1982679,0.004315576
-0.02838841,1.035384,-10.02928,4.785978,1.032566,4.785978,-0.2959981,-0.0009732423,0.955188,-0.01172724,-0.2401481,-0.003878779
0.02387393,1.035119,-10.03567,-0.1444044,1.018382,-0.1444044,0.3911955,-0.008204645,0.920271,-0.06575139,0.5227826,0.03261093
0.02997719,1.036621,-10.04005,-0.2470536,1.053255,-0.2470536,0.4784856,0.008354068,0.8780556,0.06720583,-0.3520522,-0.03327347
0.03093306,1.036594,-10.04111,-0.2492454,1.055144,-0.2492454,0.4896421,0.009161712,0.8718754,0.07353716,-0.4673152,-0.03638763
0.02905381,1.035966,-10.03994,-0.244268,1.041881,-0.244268,0.4708322,0.002925644,0.8822179,0.02344018,-0.2733355,-0.01160338
0.02800111,1.035589,-10.03898,-0.2369874,1.033096,-0.2369874,0.4589864,-0.001252644,0.8884424,-0.0100634,-0.152339,0.00498416
0.02757087,1.035654,-10.03846,-0.2338792,1.031824,-0.2338792,0.454964,-0.00191965,0.8905078,-0.01541054,-0.11132,0.007633338
0.02719964,1.035646,-10.03851,-0.2292407,1.033231,-0.2292407,0.4494683,-0.001207568,0.8932955,-0.009687996,-0.0558486,0.004799091
0.02705745,1.035962,-10.03932,-0.2304349,1.040576,-0.2304349,0.4508378,0.002334662,0.8926029,0.01878176,-0.06979465,-0.009303777
0.02688548,1.036413,-10.03983,-0.2310623,1.049091,-0.2310623,0.4518489,0.006394506,0.8920715,0.05141221,-0.08009005,-0.02546703
0.02669281,1.036762,-10.03976,-0.2304489,1.053971,-0.2304489,0.4514213,0.008641783,0.8922691,0.06941456,-0.07570839,-0.03438532
0.02669856,1.036733,-10.03986,-0.2302364,1.055179,-0.2302364,0.4512608,0.009271134,0.8923439,0.07448585,-0.07415962,-0.03689721
0.02682762,1.036808,-10.0399,-0.2308502,1.056134,-0.2308502,0.4520342,0.009697,0.8919479,0.07788096,-0.08205652,-0.03857754
0.02703383,1.03678,-10.03984,-0.2319489,1.054843,-0.2319489,0.453238,0.009064065,0.8913435,0.072799,-0.09425449,-0.036059
0.02705716,1.036759,-10.03969,-0.2321184,1.05288,-0.2321184,0.4533075,0.008090982,0.8913175,0.06498383,-0.09487677,-0.03218831
0.02665642,1.037341,-10.03964,-0.2294756,1.064777,-0.2294756,0.4512397,0.01381852,0.8922958,0.1110803,-0.07407188,-0.05502689
0.02596796,1.037849,-10.04019,-0.2277227,1.073038,-0.2277227,0.450222,0.01765133,0.8927422,0.141788,-0.06382799,-0.07024363
0.02579238,1.037771,-10.04055,-0.2268409,1.071704,-0.2268409,0.4490511,0.01701095,0.8933442,0.1366266,-0.05203247,-0.06768634
0.02570756,1.038104,-10.04119,-0.2293526,1.078893,-0.2293526,0.4530114,0.02047772,0.8912696,0.1645698,-0.09226894,-0.08152699
0.02523996,1.038842,-10.04196,-0.2265746,1.090938,-0.2265746,0.4519184,0.02609073,0.8916777,0.2096379,-0.08181,-0.1038545
0.02544465,1.038408,-10.04211,-0.2272617,1.083004,-0.2272617,0.4511571,0.02229013,0.8921661,0.1789876,-0.07395077,-0.08866414
0.02600741,1.038361,-10.04219,-0.2314347,1.078831,-0.2314347,0.4554717,0.02029741,0.8900188,0.1631137,-0.11759,-0.08079258
0.02615422,1.038826,-10.0425,-0.2313717,1.085287,-0.2313717,0.4565609,0.02326653,0.8893879,0.1869489,-0.1290665,-0.09259249
0.0263026,1.038751,-10.04275,-0.2312849,1.085361,-0.2312849,0.4564423,0.02331325,0.8894476,0.1872794,-0.1280737,-0.09275019
0.02664058,1.03865,-10.0431,-0.2322857,1.084414,-0.2322857,0.4575537,0.02290065,0.8888871,0.1839949,-0.1396027,-0.09111459
0.02676265,1.038983,-10.04315,-0.230471,1.087884,-0.230471,0.4558575,0.02449041,0.8897158,0.1968085,-0.1227822,-0.09745765
0.02688216,1.039051,-10.04329,-0.2304917,1.090542,-0.2304917,0.4564579,0.02574426,0.8893725,0.206829,-0.1291103,-0.1024148
0.02693059,1.03904,-10.04358,-0.2310001,1.091825,-0.2310001,0.4574566,0.02640528,0.8888398,0.212186,-0.1393933,-0.1050641
0.0268381,1.039331,-10.04421,-0.2312541,1.097145,-0.2312541,0.4591827,0.02890132,0.8878716,0.2322759,-0.1572785,-0.1150071
0.02626913,1.039644,-10.04471,-0.2297715,1.103439,-0.2297715,0.4589702,0.03184784,0.8878807,0.2559423,-0.1553135,-0.1267326
0.02560345,1.039575,-10.04497,-0.2288768,1.1043,-0.2288768,0.4580617,0.03230182,0.8883333,0.25958,-0.1458349,-0.1285474
0.02512974,1.039669,-10.04507,-0.227592,1.106395,-0.227592,0.4570006,0.03329366,0.8888431,0.2675512,-0.1349783,-0.1325061
0.02503309,1.039693,-10.04507,-0.2277465,1.106966,-0.2277465,0.4573941,0.03355924,0.8886306,0.2696806,-0.138917,-0.1335633
0.02503064,1.039578,-10.04495,-0.2277149,1.102971,-0.2277149,0.4561207,0.03163565,0.8893554,0.2541957,-0.1257539,-0.1258953
0.0253079,1.039235,-10.04501,-0.229206,1.098641,-0.229206,0.4569027,0.02966816,0.8890218,0.2384034,-0.1335869,-0.1180667
0.0257514,1.039267,-10.04504,-0.2303631,1.099209,-0.2303631,0.4586017,0.02992911,0.8881378,0.2405084,-0.1510854,-0.1190983
0.02582463,1.039164,-10.04484,-0.2307461,1.096919,-0.2307461,0.4584832,0.02883892,0.888235,0.2317279,-0.1497226,-0.1147506
0.02580169,1.038986,-10.04465,-0.2302538,1.092749,-0.2302538,0.456738,0.02686399,0.8891956,0.2158488,-0.1317906,-0.1068898
0.0259693,1.038992,-10.04454,-0.2303936,1.093521,-0.2303936,0.4571306,0.02726914,0.8889814,0.2191481,-0.1358781,-0.108522
0.0260263,1.039048,-10.0444,-0.2303444,1.093744,-0.2303444,0.4570965,0.02733243,0.888997,0.2196173,-0.1355314,-0.1087539
0.02637995,1.038903,-10.04413,-0.2317512,1.090624,-0.2317512,0.4582184,0.02585597,0.8884635,0.2077566,-0.146821,-0.1028761
0.01873455,1.03864,-10.03987,4.780792,1.105709,4.780792,0.3656919,0.0223614,0.9304673,0.2690051,-0.6920433,-0.08909279
0.008786868,1.038853,-10.03736,4.926295,1.116438,4.926295,0.2544957,0.02557914,0.9667355,0.3077528,0.7985914,-0.1021469
0.008200945,1.038655,-10.03764,4.875017,1.103032,4.875017,0.2647565,0.0215079,0.9640754,0.2586752,0.6649234,-0.08587198
0.01066876,1.038589,-10.03798,4.789312,1.09626,4.789312,0.2989161,0.01967731,0.9540765,0.2367384,0.2120886,-0.07854533
0.01177492,1.038674,-10.03758,4.778101,1.098673,4.778101,0.3071761,0.02049347,0.951432,0.2465398,0.1014171,-0.08178148
0.01257856,1.038597,-10.03718,4.778747,1.095885,4.778747,0.3061287,0.01955337,0.9517893,0.2351751,0.1149316,-0.07800165
0.01333044,1.038353,-10.03737,4.773097,1.089696,4.773097,0.3096955,0.01756097,0.9506736,0.2112753,0.06695127,-0.07006268
0.01316332,1.038639,-10.03771,4.773393,1.099936,4.773393,0.3113723,0.02095377,0.950057,0.2521136,0.04436159,-0.08360629
0.012754,1.038815,-10.03802,4.772561,1.104392,4.772561,0.3131577,0.02239194,0.9494371,0.2693765,0.02064371,-0.08933673
0.01256916,1.038711,-10.03783,4.772344,1.100232,4.772344,0.3124233,0.02101974,0.9497104,0.2528791,0.03075743,-0.0838696
0.01314839,1.038493,-10.03751,4.768651,1.095997,4.768651,0.3151384,0.01964586,0.9488423,0.2363172,-0.005727768,-0.0783693
0.01346433,1.038173,-10.03721,4.768167,1.086734,4.768167,0.3137561,0.01660212,0.9493585,0.1996989,0.01279402,-0.06622279
0.01356664,1.038294,-10.03746,4.766801,1.08981,4.766801,0.3157582,0.01762904,0.9486759,0.2121132,-0.01415348,-0.07033694
0.01331877,1.03831,-10.03763,4.766505,1.090726,4.766505,0.3162667,0.01791133,0.9485012,0.2154448,-0.02082253,-0.07144435
0.01302824,1.038111,-10.03778,4.76599,1.086058,4.76599,0.3159141,0.01639853,0.9486461,0.1972749,-0.01581955,-0.06542217
0.01292414,1.0382,-10.03793,4.76628,1.087722,4.76628,0.3159232,0.01693712,0.9486336,0.2037628,-0.01593828,-0.06757448
0.01313291,1.038004,-10.03816,4.765599,1.084807,4.765599,0.3160935,0.01600139,0.9485931,0.192483,-0.01836538,-0.06383006
0.01375575,1.037875,-10.03846,4.763126,1.081175,4.763126,0.3181731,0.01480861,0.947917,0.1781455,-0.04662895,-0.05906698
0.01393441,1.037972,-10.03853,4.763013,1.082232,4.763013,0.3184914,0.01514146,0.9478048,0.1821665,-0.0510602,-0.06039782
0.01363042,1.037815,-10.03846,4.764021,1.079028,4.764021,0.3167619,0.01409655,0.9484003,0.1695776,-0.02763033,-0.05622756
0.01340339,1.037855,-10.03815,4.764857,1.079042,4.764857,0.3158657,0.01409739,0.9486992,0.1696093,-0.01540327,-0.05624186
0.0134665,1.037683,-10.03786,4.763978,1.0747,4.763978,0.3161395,0.01266156,0.9486282,0.1522989,-0.01895571,-0.05050207
0.01363057,1.037614,-10.03795,4.762879,1.073661,4.762879,0.3172076,0.01234116,0.9482758,0.1484766,-0.0333581,-0.04923276
0.01378529,1.037622,-10.03809,4.763272,1.07423,4.763272,0.3168365,0.0125273,0.9483975,0.1507025,-0.02856302,-0.04996876
0.01400467,1.037489,-10.03794,4.762853,1.070217,4.762853,0.316721,0.01119758,0.9484527,0.1346922,-0.02708054,-0.04465865
0.01410774,1.037411,-10.0378,4.761797,1.068042,4.761797,0.317636,0.01048835,0.9481547,0.1261813,-0.03932047,-0.04183635
0.01399155,1.037555,-10.03761,4.762783,1.069119,4.762783,0.3166512,0.01080484,0.9484805,0.1299779,-0.02603579,-0.04309665
0.0137157,1.037642,-10.03763,4.761963,1.071699,4.761963,0.3179674,0.01167142,0.9480298,0.1404449,-0.04346514,-0.04656987
0.01329187,1.037841,-10.03756,4.763339,1.075637,4.763339,0.3169942,0.01293729,0.9483392,0.1556407,-0.03018236,-0.05161309
0.01305883,1.03766,-10.03753,4.763023,1.071045,4.763023,0.3166871,0.01141656,0.9484614,0.1373076,-0.02581739,-0.04553567
0.01365606,1.037408,-10.0373,4.761908,1.063955,4.761908,0.3170379,0.009082966,0.9483694,0.1092436,-0.03079796,-0.03622496
0.01437783,1.037316,-10.03729,4.759682,1.060418,4.759682,0.3192481,0.00791594,0.9476381,0.09523989,-0.06084824,-0.03157691
0.01474111,1.037302,-10.03725,4.759682,1.060451,4.759682,0.3192259,0.007915469,0.9476456,0.09518815,-0.06081676,-0.0315573
0.01499746,1.036982,-10.03676,4.758722,1.051742,4.758722,0.3196756,0.005056421,0.9475136,0.06082619,-0.0668211,-0.02016517
0.01476249,1.037072,-10.03651,4.759256,1.054692,4.759256,0.3192496,0.00605442,0.9476513,0.07288255,-0.06090641,-0.02416392
0.01459073,1.037447,-10.03665,4.757189,1.064593,4.757189,0.3231724,0.009298571,0.9462944,0.1118737,-0.1134133,-0.03709197
0.01420821,1.037302,-10.03635,4.758124,1.061876,4.758124,0.3214817,0.008402294,0.9468785,0.1010391,-0.09037733,-0.03350255
0.01415091,1.037117,-10.0361,4.758639,1.05684,4.758639,0.3202634,0.006757922,0.9473044,0.08129873,-0.07391596,-0.02695806
0.01429473,1.037288,-10.03607,4.758277,1.059258,4.758277,0.3209665,0.007522885,0.9470607,0.09048877,-0.08344698,-0.03000452
0.01437295,1.037174,-10.03607,4.758736,1.056835,4.758736,0.3201163,0.00673017,0.9473543,0.08094592,-0.07211018,-0.0268398
0.01457572,1.036998,-10.03603,4.758064,1.0513,4.758064,0.3205324,0.004892734,0.9472249,0.05883678,-0.07777214,-0.01950812
-0.01214816,1.057712,-10.03807,4.92106,5.822919,4.92106,-0.01075952,0.2528243,0.9674523,-0.8280778,0.1388442,-0.04549362
-0.009852052,1.058897,-10.03819,4.867807,5.85244,4.867807,0.01716847,0.2660037,0.9638191,-0.6550593,-0.1989497,0.06657651
-0.01149087,1.058667,-10.0385,4.865485,5.848557,4.865485,-0.00406353,0.2650499,0.9642261,-0.6682379,0.05775137,-0.01869105
-0.01176105,1.058063,-10.03868,4.882339,5.841319,4.882339,-0.01287983,0.2615558,0.9651024,-0.7136526,0.1640371,-0.05398036
-0.01104232,1.057981,-10.03889,4.87728,5.842711,4.87728,-0.01036199,0.2624496,0.9648901,-0.7019951,0.1331901,-0.0437664
-0.01039336,1.058643,-10.03858,4.854177,5.858328,4.854177,-0.01057395,0.2691095,0.9630516,-0.6145611,0.1352212,-0.04453307
-0.009407494,1.058217,-10.03832,4.860334,5.851521,4.860334,-0.004719,0.2665816,0.9638008,-0.6480846,0.06402625,-0.02088246
-0.008304816,1.057978,-10.03838,4.867286,5.848499,4.867286,0.01120531,0.2651123,0.9641525,-0.6671176,-0.1284021,0.04305982
-0.007967599,1.058424,-10.0386,4.859534,5.857839,4.859534,0.01748268,0.2685311,0.9631124,-0.6217642,-0.204193,0.0682187
-0.007492479,1.058445,-10.03858,4.853261,5.860176,4.853261,0.01420551,0.2698082,0.9628093,-0.6052122,-0.1651334,0.0552048
-0.006869901,1.058062,-10.03861,4.858504,5.854079,4.858504,0.01025964,0.2675689,0.9634841,-0.6348832,-0.1181372,0.03956838
-0.005679466,1.058305,-10.03874,4.85427,5.858112,4.85427,0.01206024,0.269136,0.9630266,-0.6140962,-0.140721,0.04701762
-0.004988796,1.058696,-10.03911,4.850052,5.86423,4.850052,0.0162201,0.2712751,0.9623652,-0.585619,-0.1913078,0.06379682
-0.005552717,1.058924,-10.03969,4.844063,5.868862,4.844063,0.01569357,0.2731553,0.9618419,-0.5608234,-0.1845483,0.0615607
-0.006286874,1.059047,-10.04012,4.843704,5.869297,4.843704,0.01576216,0.2732757,0.9618066,-0.5591431,-0.1848142,0.06167408
-0.006234601,1.05906,-10.04008,4.849178,5.868466,4.849178,0.02011659,0.2725038,0.9619444,-0.5690012,-0.2372461,0.0791073
-0.005496338,1.059043,-10.03981,4.85603,5.869096,4.85603,0.02569385,0.2720685,0.9619348,-0.5742679,-0.304915,0.1015796
-0.005336598,1.058886,-10.0396,4.856882,5.863433,4.856882,0.02105018,0.2703045,0.9625447,-0.5980062,-0.2491595,0.08304762
-0.005323954,1.058655,-10.03967,4.858598,5.859489,4.858598,0.01827113,0.2690295,0.9629586,-0.6149311,-0.2157316,0.07193833
-0.005322244,1.058789,-10.03974,4.855115,5.862453,4.855115,0.01866249,0.2702103,0.9626204,-0.59936,-0.2204447,0.07349935
-0.005487778,1.058752,-10.03964,4.857248,5.860223,4.857248,0.01782865,0.2693386,0.9628805,-0.6109343,-0.2102823,0.07013254
-0.00559163,1.058482,-10.03931,4.86621,5.852651,4.86621,0.01617504,0.2662979,0.9637551,-0.6510971,-0.1902978,0.06350932
-0.006010875,1.058306,-10.03908,4.869647,5.847048,4.869647,0.01033524,0.2643449,0.9643728,-0.6770871,-0.1197084,0.04006973
-0.006145265,1.058412,-10.03898,4.868307,5.847085,4.868307,0.007858652,0.2644424,0.9643695,-0.675931,-0.08980786,0.03013462
-0.006109383,1.058296,-10.03896,4.870752,5.846023,4.870752,0.00947984,0.2639368,0.9644934,-0.6825094,-0.1093395,0.03662938
-0.006202802,1.058674,-10.03927,4.868189,5.848787,4.868189,0.01155273,0.2649071,0.9642047,-0.6695578,-0.1342114,0.04489583
-0.006274834,1.059237,-10.03981,4.856897,5.858593,4.856897,0.01464901,0.2687434,0.9631004,-0.6188693,-0.1714202,0.05724622
-0.006255966,1.059508,-10.03988,4.85536,5.861689,4.85536,0.01701369,0.2697228,0.9627877,-0.6058946,-0.1998886,0.06670529
-0.006290704,1.058882,-10.03956,4.873984,5.849075,4.873984,0.01737709,0.2643725,0.9642641,-0.67628,-0.2042223,0.06817897
-0.006093401,1.058635,-10.03921,4.882379,5.845051,4.882379,0.01879125,0.2624958,0.9647501,-0.7008412,-0.2213814,0.07388584
-0.006063048,1.058689,-10.039,4.882519,5.845436,4.882519,0.01933891,0.2625936,0.9647127,-0.6995389,-0.2279908,0.07608196
-0.006121669,1.058825,-10.03904,4.880098,5.846466,4.880098,0.0188098,0.263085,0.9645893,-0.6931043,-0.2215811,0.07395045
-0.005950473,1.058678,-10.03897,4.885858,5.84405,4.885858,0.0197984,0.2618719,0.9648995,-0.7090106,-0.2336051,0.07794788
-0.005867057,1.058436,-10.03892,4.891582,5.841175,4.891582,0.02016738,0.2605768,0.9652424,-0.7259595,-0.238106,0.07944699
-0.005900249,1.058488,-10.03889,4.891181,5.841312,4.891181,0.02006964,0.2606457,0.9652259,-0.7250457,-0.236904,0.07904825
-0.005929843,1.058328,-10.03886,4.893055,5.83992,4.893055,0.01964587,0.2601009,0.9653816,-0.7322562,-0.2317818,0.07735021
-0.005920596,1.0582,-10.03883,4.89482,5.838335,4.89482,0.01887645,0.2595088,0.9655563,-0.7400746,-0.2225307,0.07427704
-0.005877115,1.05808,-10.03868,4.898673,5.836596,4.898673,0.01905654,0.2586804,0.965775,-0.7509696,-0.2247277,0.0750108
-0.005850058,1.057934,-10.03848,4.904271,5.833504,4.904271,0.01843438,0.2573178,0.966151,-0.7688854,-0.217259,0.07253371
-0.006899398,1.069473,-10.04051,-0.1483057,5.869072,-0.1483057,0.01410145,0.3952696,0.9184569,-0.4981375,-0.1081991,0.05421298
-0.008322552,1.072892,-10.04571,-0.2227634,5.959437,-0.2227634,-0.0009786747,0.4445582,0.8957494,-0.01024675,0.01382913,-0.006874558
-0.008426923,1.071965,-10.04822,-0.2156023,5.945726,-0.2156023,-0.00239949,0.4378152,0.8990617,-0.07694435,0.02534954,-0.0125498
-0.007717323,1.071099,-10.04865,-0.2022447,5.924153,-0.2022447,-0.0002955152,0.4268104,0.9043411,-0.1862693,0.007958893,-0.003817126
-0.007019725,1.070721,-10.04759,-0.187522,5.90558,-0.187522,0.002882764,0.4165163,0.9091237,-0.2886052,-0.01806645,0.009192314
-0.006829746,1.068932,-10.04546,-0.1525455,5.871182,-0.1525455,0.003863587,0.396596,0.9179851,-0.4849041,-0.02603353,0.01328808
-0.006646179,1.068629,-10.04416,-0.1518043,5.870322,-0.1518043,0.007252186,0.3963801,0.9180579,-0.4870975,-0.05339253,0.02690054
-0.007327035,1.06892,-10.04494,-0.1534886,5.871796,-0.1534886,0.005432605,0.3971187,0.9177512,-0.479764,-0.03827667,0.01940259
-0.008063976,1.068747,-10.04553,-0.1544743,5.872267,-0.1544743,0.002078783,0.3975202,0.9175911,-0.4757733,-0.01078643,0.005750766
-0.008345727,1.068092,-10.04565,-0.1444761,5.86413,-0.1444761,0.001636054,0.3926079,0.9197045,-0.5236595,-0.007007697,0.003923012
-0.008273598,1.068014,-10.04538,-0.1398599,5.860893,-0.1398599,0.003990476,0.3904976,0.9205953,-0.5442212,-0.02597533,0.01337722
-0.008169632,1.067953,-10.04485,-0.1366272,5.858863,-0.1366272,0.005797511,0.3891093,0.9211734,-0.5578773,-0.04056754,0.02064704
-0.008221619,1.067209,-10.0445,-0.1210418,5.848872,-0.1210418,0.006428717,0.3825098,0.923929,-0.6220989,-0.04558161,0.02319952
-0.00845582,1.066985,-10.04445,-0.1149593,5.845253,-0.1149593,0.006454552,0.3800897,0.9249271,-0.6454504,-0.04560913,0.02324686
-0.008900732,1.067222,-10.04443,-0.1195571,5.847793,-0.1195571,0.004731476,0.3818417,0.9242156,-0.6285489,-0.03143904,0.01620693
-0.009340886,1.06696,-10.04401,-0.1160651,5.84558,-0.1160651,0.0001509394,0.3804264,0.9248112,-0.6424716,0.005698023,-0.002239056
-0.009656552,1.066658,-10.04358,-0.1107338,5.843031,-0.1107338,-0.006194516,0.3785829,0.9255466,-0.6603503,0.05692228,-0.02770293
-0.009632021,1.066703,-10.04332,-0.1153149,5.846317,-0.1153149,-0.01137254,0.3807276,0.9246173,-0.6394472,0.09849919,-0.04842382
-0.009373035,1.066843,-10.04313,-0.1185354,5.848544,-0.1185354,-0.0129501,0.3821578,0.9240063,-0.6255598,0.1109762,-0.05466573
-0.009329133,1.066805,-10.04306,-0.118483,5.848264,-0.118483,-0.01200932,0.3820449,0.9240658,-0.6267502,0.1033849,-0.05088871
-0.009699054,1.066911,-10.04309,-0.1223566,5.850331,-0.1223566,-0.0113727,0.3835471,0.9234513,-0.6121862,0.09853888,-0.04846656
-0.01033221,1.067056,-10.04296,-0.1265123,5.853471,-0.1265123,-0.0135267,0.3855078,0.9226055,-0.5931044,0.1163046,-0.05729328
-0.01087271,1.067089,-10.0427,-0.126806,5.854752,-0.126806,-0.01681872,0.3860656,0.922318,-0.5875597,0.1431467,-0.07063292
-0.0108122,1.067162,-10.04253,-0.1271509,5.855374,-0.1271509,-0.01776633,0.3863533,0.9221798,-0.5847542,0.1507117,-0.07440728
-0.01050064,1.067227,-10.04246,-0.1267799,5.854846,-0.1267799,-0.0168773,0.3860629,0.922318,-0.5876305,0.1433396,-0.07075185
-0.01040304,1.06732,-10.04233,-0.1270959,5.855077,-0.1270959,-0.01673027,0.3861792,0.922272,-0.5865564,0.1420844,-0.0701347
-0.01040647,1.067333,-10.04228,-0.1258393,5.854447,-0.1258393,-0.01692688,0.3856808,0.922477,-0.5914197,0.1436676,-0.07091855
-0.01036654,1.067476,-10.04263,-0.1302648,5.857148,-0.1302648,-0.01677861,0.3875299,0.9217044,-0.5733225,0.142445,-0.07032758
-0.01019075,1.067789,-10.04313,-0.1370489,5.862002,-0.1370489,-0.01722695,0.3905835,0.9204063,-0.5434744,0.1459137,-0.07209196
-0.00990377,1.067848,-10.04334,-0.1393609,5.863568,-0.1393609,-0.01712921,0.3916148,0.9199698,-0.5333731,0.1449162,-0.07161929
-0.009691212,1.067865,-10.04348,-0.1404792,5.864366,-0.1404792,-0.0172032,0.392134,0.9197472,-0.528265,0.1453549,-0.07185281
-0.009844534,1.067834,-10.04351,-0.1383003,5.863178,-0.1383003,-0.0179543,0.3912467,0.9201107,-0.5368681,0.1515057,-0.07489882
-0.01022466,1.067881,-10.04333,-0.1372623,5.862834,-0.1372623,-0.01878709,0.390912,0.9202363,-0.5400891,0.1584753,-0.07834572
-0.0105336,1.068019,-10.0433,-0.1368762,5.863857,-0.1368762,-0.02139903,0.3911888,0.9200616,-0.5371838,0.1796867,-0.08889256
-0.0105507,1.067894,-10.04349,-0.1370544,5.863552,-0.1370544,-0.0207403,0.3911458,0.920095,-0.5376017,0.1744099,-0.08626252
-0.01063022,1.068196,-10.04395,-0.1433459,5.868484,-0.1433459,-0.02141371,0.3941778,0.9187847,-0.5078349,0.1798758,-0.08900634
-0.01066562,1.068357,-10.04442,-0.1476938,5.872232,-0.1476938,-0.02223465,0.3964191,0.9178004,-0.4857454,0.1864989,-0.09232083
-0.01065867,1.068524,-10.04464,-0.152354,5.876055,-0.152354,-0.02234162,0.3987622,0.9167821,-0.4627891,0.1873479,-0.09276658
-0.01073663,1.068536,-10.04474,-0.1526496,5.876666,-0.1526496,-0.02302844,0.3990498,0.91664,-0.459887,0.1929253,-0.0955416
-0.0106093,1.068212,-10.04464,-0.1480358,5.872616,-0.1480358,-0.02270743,0.3966756,0.9176779,-0.4831543,0.1902588,-0.09419669
-0.01028163,1.068094,-10.04432,-0.1464065,5.870202,-0.1464065,-0.02052436,0.3954689,0.91825,-0.4952195,0.1724756,-0.08535016
-0.01179526,1.009246,-10.0068,4.877983,-3.776348,4.877983,0.01463531,-0.263227,0.9646229,0.6982183,-0.1666009,-0.05605559
-0.01360054,1.009487,-10.00117,4.857707,-3.786203,4.857707,0.008296516,-0.2681844,0.9633319,0.6349235,-0.08908452,-0.03026862
-0.01439834,1.008858,-10.00124,4.869367,-3.778114,4.869367,0.004638754,-0.2645129,0.964371,0.6829491,-0.04456144,-0.01550763
-0.01401471,1.00886,-10.00382,4.901177,-3.761687,4.901177,-0.0003851405,-0.2565979,0.9665182,0.7862303,0.01545921,0.004417517
-0.01278808,1.014345,-10.00463,-5.176097,0.8374243,-5.176097,-0.0132576,-0.209705,0.9776748,-0.8395972,0.06308163,0.002145379
-0.01241016,1.014464,-10.00486,-5.176287,0.8376539,-5.176287,-0.0118658,-0.2096314,0.9777085,-0.839352,0.05721612,0.00208111
-0.01223026,1.014205,-10.00477,-5.174581,0.8357287,-5.174581,-0.01199539,-0.211116,0.9773874,-0.8452905,0.05759033,0.002065353
-0.01158265,1.019837,-10.00372,-5.21803,0.8960065,-5.21803,-0.004915417,-0.1546202,0.9879618,-0.6176239,0.02883087,0.001439282
-0.01084246,1.033916,-10.008,-5.249667,1.025678,-5.249667,0.01701112,-0.009959323,0.9998057,-0.0391531,-0.05948113,7.366067E-05
-0.01115886,1.035129,-10.0147,-5.249689,1.037518,-5.249689,0.01923688,0.003036107,0.9998103,0.01207845,-0.06824829,-2.514736E-05
-0.01157032,1.034845,-10.01712,-5.249964,1.036672,-5.249964,0.00818104,0.002430306,0.9999636,0.009759179,-0.02358027,-2.253381E-05
-0.01204263,1.035283,-10.01698,-5.249958,1.037355,-5.249958,-0.002141148,0.002878064,0.9999936,0.01164758,0.01822771,-2.75215E-05
-0.01257758,1.036018,-10.01556,-5.249806,1.038917,-5.249806,-0.009144964,0.00383007,0.9999508,0.01535368,0.04675528,-3.866907E-05
-0.01299385,1.034831,-10.01562,-5.249716,1.031885,-5.249716,-0.01182252,-0.004087228,0.9999217,-0.01653377,0.05783205,4.090511E-05
-0.01345685,1.034465,-10.01706,-5.249667,1.030243,-5.249667,-0.01263376,-0.005546334,0.9999048,-0.02221991,0.06147189,6.022835E-05
-0.01395794,1.035064,-10.01775,-5.249726,1.034352,-5.249726,-0.01180466,-0.0008555454,0.99993,-0.00336739,0.05855183,1.034357E-05
-0.01447429,1.035203,-10.01723,-5.249688,1.034122,-5.249688,-0.01264834,-0.001464649,0.9999189,-0.005901876,0.06234622,1.666774E-05
-0.01477225,1.034691,-10.01689,-5.249583,1.029663,-5.249583,-0.01399686,-0.006718996,0.9998795,-0.02700458,0.06799296,7.887439E-05
-0.01480239,1.034572,-10.01703,-5.24958,1.028698,-5.24958,-0.01362208,-0.007787837,0.9998769,-0.03125491,0.06651437,9.22574E-05
-0.01464689,1.034743,-10.0173,-5.249653,1.030069,-5.249653,-0.01243903,-0.006177829,0.9999036,-0.02478033,0.0616447,7.25941E-05
-0.01457586,1.034933,-10.01738,-5.249691,1.031448,-5.249691,-0.01195861,-0.004605774,0.9999179,-0.01847397,0.05966045,5.386386E-05
-0.01476816,1.035079,-10.01748,-5.249684,1.032455,-5.249684,-0.01237745,-0.003469929,0.9999174,-0.01392023,0.06149648,4.109494E-05
-0.01481443,1.035034,-10.01747,-5.249703,1.032123,-5.249703,-0.0117619,-0.003858241,0.9999234,-0.01548492,0.05906265,4.574923E-05
-0.01460002,1.034928,-10.01726,-5.24973,1.030989,-5.24973,-0.01061164,-0.005241444,0.99993,-0.02104951,0.05427229,6.109962E-05
-0.01449027,1.035003,-10.01688,-5.249775,1.030315,-5.249775,-0.008769864,-0.006217893,0.9999422,-0.02495356,0.04678939,7.209626E-05
-0.01473152,1.034711,-10.01661,-5.249701,1.027754,-5.249701,-0.009376059,-0.009277599,0.999913,-0.03726942,0.04941305,0.0001090036
-0.01477395,1.034582,-10.01659,-5.249673,1.026319,-5.249673,-0.009031274,-0.01095476,0.9998992,-0.04395812,0.0480629,0.0001295328
-0.01453527,1.034656,-10.01654,-5.249708,1.026621,-5.249708,-0.008119468,-0.01064705,0.9999104,-0.04271871,0.04421249,0.0001238904
-0.01446531,1.034741,-10.01647,-5.2497,1.026919,-5.2497,-0.008668309,-0.01037615,0.9999086,-0.0416386,0.04635869,0.0001200992
-0.01436239,1.034623,-10.01646,-5.249681,1.026187,-5.249681,-0.008636709,-0.01121014,0.9998999,-0.04500089,0.04614931,0.0001286934
-0.01422627,1.034748,-10.01672,-5.249672,1.026635,-5.249672,-0.009413845,-0.01070798,0.9998984,-0.04293315,0.04916118,0.0001222632
-0.01412953,1.035165,-10.0171,-5.24974,1.029356,-5.24974,-0.009297754,-0.007648753,0.9999275,-0.03065532,0.04862098,8.687058E-05
-0.0141123,1.035148,-10.01735,-5.249746,1.029335,-5.249746,-0.009018209,-0.007740174,0.9999294,-0.03108997,0.04748706,8.718843E-05
-0.01430584,1.035199,-10.01748,-5.24972,1.029889,-5.24972,-0.01024932,-0.007034719,0.9999228,-0.02823034,0.05258443,8.058111E-05
-0.01439894,1.035233,-10.01725,-5.249681,1.029626,-5.249681,-0.01118558,-0.007459844,0.9999096,-0.02995956,0.05641482,8.573842E-05
-0.01443829,1.035059,-10.01705,-5.249648,1.028326,-5.249648,-0.01131241,-0.008947781,0.999896,-0.03592551,0.05695333,0.0001032126
-0.01455304,1.035061,-10.01705,-5.249617,1.028338,-5.249617,-0.01220221,-0.008904067,0.9998859,-0.03572759,0.06061634,0.0001037883
-0.01454621,1.035008,-10.01729,-5.249597,1.028461,-5.249597,-0.01284179,-0.008693845,0.9998797,-0.03490404,0.06318042,0.0001010624
-0.01431615,1.035138,-10.01766,-5.249697,1.029706,-5.249697,-0.01088965,-0.007151025,0.9999151,-0.02866513,0.05516443,8.233589E-05
-0.01427358,1.035254,-10.01788,-5.24971,1.03016,-5.24971,-0.01066166,-0.006774653,0.9999202,-0.02720891,0.05421706,7.721591E-05
-0.01430963,1.035124,-10.01812,-5.249718,1.029823,-5.249718,-0.01028777,-0.007030874,0.9999223,-0.02822517,0.05274699,8.04896E-05
-0.01434441,1.035223,-10.01823,-5.249737,1.030495,-5.249737,-0.01005121,-0.006268646,0.9999298,-0.02516363,0.0518261,7.195968E-05
-0.01445264,1.035054,-10.01815,-5.249711,1.029632,-5.249711,-0.0103819,-0.007202496,0.9999202,-0.02892324,0.05323955,8.318609E-05
-0.01453312,1.034932,-10.01804,-5.249687,1.028731,-5.249687,-0.01053168,-0.008241886,0.9999106,-0.03309929,0.05390419,9.568959E-05
-0.01456491,1.034768,-10.01803,-5.249671,1.027953,-5.249671,-0.01051114,-0.009051125,0.9999038,-0.03634484,0.05384699,0.0001053605
-0.01458364,1.034746,-10.01816,-5.249676,1.028146,-5.249676,-0.01056901,-0.008747238,0.9999059,-0.03511175,0.05409537,0.0001020982
-0.01462916,1.034789,-10.01812,-5.249667,1.028274,-5.249667,-0.01087712,-0.008633552,0.9999036,-0.03465465,0.05536837,0.0001010925
-0.01469442,1.03469,-10.01806,-5.249644,1.02768,-5.249644,-0.01112356,-0.009319323,0.9998947,-0.03742943,0.05640926,0.0001093593
-0.01466721,1.034747,-10.01807,-5.24964,1.027704,-5.24964,-0.01125867,-0.009319871,0.9998932,-0.03739972,0.05692994,0.0001095203
-0.0150367,1.03561,-10.01218,-0.2447655,1.079279,-0.2447655,-0.01387522,0.02447664,0.9996041,0.1954224,0.1231616,-0.0003031737
-0.01878037,1.031866,-10.016,-0.1994917,0.9750562,-0.1994917,-0.07500323,-0.0314636,0.9966868,-0.2522408,0.6159609,0.0004630077
-0.01558666,1.033243,-10.01835,-0.2344547,0.9930555,-0.2344547,-0.0417658,-0.02253435,0.9988733,-0.1803314,0.3471946,0.0002924482
-0.01260591,1.035861,-10.02058,-0.2485493,1.037349,-0.2485493,-0.01385004,0.0009523322,0.9999036,0.007818508,0.121112,-7.052899E-06
-0.01154384,1.03661,-10.02163,-0.2485819,1.053318,-0.2485819,-0.0104795,0.009501453,0.9998999,0.07615265,0.09325154,-8.799207E-05
-0.01215926,1.035535,-10.02169,-0.2480663,1.036452,-0.2480663,-0.01627738,0.0004854421,0.9998674,0.003827929,0.1402276,-5.764531E-06
-0.01231762,1.035581,-10.02087,-0.2487808,1.032398,-0.2487808,-0.0125284,-0.001799534,0.9999199,-0.01440221,0.1102897,1.803476E-05
-0.01138775,1.035587,-10.02032,-0.249849,1.02813,-0.249849,-0.001267573,-0.004238819,0.9999902,-0.03395833,0.0192713,3.864326E-05
-0.01045799,1.035858,-10.02132,-0.2498132,1.030581,-0.2498132,0.00582898,-0.002978915,0.9999786,-0.02383132,-0.03836503,2.462662E-05
-0.009966221,1.036324,-10.02264,-0.2496666,1.038389,-0.2496666,0.00838991,0.001206437,0.9999641,0.009725968,-0.05929856,-1.006038E-05
-0.009298615,1.036539,-10.02304,-0.2492479,1.039925,-0.2492479,0.01193008,0.001917424,0.999927,0.01535437,-0.08822216,-1.402058E-05
-0.008988112,1.036443,-10.02256,-0.2490399,1.036863,-0.2490399,0.01348976,0.0002363568,0.999909,0.001890697,-0.1009717,-1.639849E-06
-0.009310916,1.036326,-10.02222,-0.2493577,1.03374,-0.2493577,0.0111552,-0.001488923,0.9999367,-0.01196508,-0.08199167,1.139422E-05
-0.0096354,1.036165,-10.02229,-0.2497114,1.032082,-0.2497114,0.007535866,-0.002322465,0.9999689,-0.01861368,-0.05271325,1.784608E-05
-0.009510972,1.036526,-10.02229,-0.2498433,1.037738,-0.2498433,0.006078019,0.0007063941,0.9999813,0.005690384,-0.04112387,-5.536704E-06
-0.009413626,1.036326,-10.02219,-0.2498423,1.034483,-0.2498423,0.006017991,-0.001068235,0.9999813,-0.008595862,-0.04072001,8.231455E-06
-0.009101424,1.036025,-10.0219,-0.2496039,1.028064,-0.2496039,0.007648067,-0.004535621,0.9999605,-0.03636296,-0.05403769,3.301318E-05
-0.008700226,1.035912,-10.02151,-0.249291,1.025183,-0.249291,0.009777306,-0.006135697,0.9999334,-0.04923113,-0.07142692,4.309678E-05
-0.008531488,1.035667,-10.02101,-0.2490963,1.021809,-0.2490963,0.01012985,-0.007905597,0.9999174,-0.06339614,-0.07438442,5.414449E-05
-0.008336514,1.035594,-10.02052,-0.2488093,1.022109,-0.2488093,0.01250875,-0.007687469,0.9998922,-0.06163684,-0.09360693,5.140486E-05
-0.008611269,1.035536,-10.02035,-0.2488121,1.02224,-0.2488121,0.0126027,-0.007566666,0.9998919,-0.06064302,-0.09413847,5.195707E-05
-0.008835763,1.035666,-10.02016,-0.249121,1.022769,-0.249121,0.01042039,-0.007338759,0.9999188,-0.05881184,-0.07646324,5.170131E-05
-0.008992329,1.035849,-10.02005,-0.2494985,1.029524,-0.2494985,0.009296753,-0.003598931,0.9999503,-0.02883911,-0.0673297,2.579637E-05
-0.009062689,1.036008,-10.01992,-0.2496512,1.030967,-0.2496512,0.007988042,-0.00287187,0.999964,-0.023018,-0.05678172,2.079976E-05
-0.009041965,1.035695,-10.0197,-0.2496143,1.02705,-0.2496143,0.007213492,-0.004935777,0.9999618,-0.03957801,-0.05058828,3.580449E-05
-0.00911158,1.035756,-10.01961,-0.2497317,1.027943,-0.2497317,0.005916967,-0.004447746,0.9999726,-0.0356414,-0.04013946,3.235977E-05
-0.008952904,1.035564,-10.01978,-0.2496275,1.024884,-0.2496275,0.005844009,-0.00609653,0.9999644,-0.04888431,-0.03968245,4.375663E-05
-0.0086274,1.035599,-10.02005,-0.2496359,1.025916,-0.2496359,0.006354148,-0.005503821,0.9999647,-0.04409181,-0.0440334,3.781526E-05
-0.008287504,1.035699,-10.02048,-0.2494825,1.028155,-0.2494825,0.009030065,-0.004307552,0.9999499,-0.03454624,-0.06575883,2.86967E-05
-0.008487023,1.035449,-10.02074,-0.2494619,1.025088,-0.2494619,0.008204732,-0.005906503,0.9999489,-0.04735356,-0.05898478,4.013156E-05
-0.008551627,1.035226,-10.02077,-0.2493424,1.02194,-0.2493424,0.007976247,-0.007585635,0.9999394,-0.06083762,-0.05710158,5.210729E-05
-0.008198317,1.035096,-10.02084,-0.2490377,1.020077,-0.2490377,0.01002058,-0.008561029,0.9999132,-0.06863901,-0.0737736,5.622985E-05
-0.007733703,1.034878,-10.02093,-0.2486721,1.01668,-0.2486721,0.01122681,-0.01037863,0.9998831,-0.08322662,-0.08381627,6.447943E-05
-0.007304847,1.034726,-10.02115,-0.2483204,1.013258,-0.2483204,0.0118814,-0.01221985,0.9998547,-0.09795684,-0.08940923,7.130756E-05
-0.007078897,1.034671,-10.02136,-0.248383,1.014444,-0.248383,0.01214568,-0.01152004,0.9998599,-0.09236157,-0.09171058,6.52931E-05
-0.007054016,1.034474,-10.02101,-0.2480714,1.010572,-0.2480714,0.01200004,-0.01363235,0.9998351,-0.1093297,-0.09055979,7.743132E-05
-0.06376652,1.036452,-10.03196,-5.045706,1.067397,-5.045706,-0.6117865,0.02531263,0.7906179,0.1017497,-0.6593518,0.09984476
-0.0669897,1.033897,-10.02913,-5.036226,1.031433,-5.036226,-0.6063084,-0.002278371,0.7952263,-0.009415821,-0.6989257,-0.009181416
-0.07024404,1.031613,-10.02736,-5.060022,1.00115,-5.060022,-0.6188323,-0.02545326,0.7851106,-0.1025178,-0.6074491,-0.1004991
-0.07264,1.029999,-10.02654,-5.085098,0.9833285,-5.085098,-0.6338626,-0.03928772,0.7724472,-0.158087,-0.4959948,-0.1549516
-0.07319198,1.029442,-10.02598,-5.089748,0.9777162,-5.089748,-0.6370744,-0.04348616,0.7695747,-0.174851,-0.4716988,-0.1714005
-0.07309751,1.029489,-10.02599,-5.086146,0.9779248,-5.086146,-0.6348938,-0.04329353,0.7713854,-0.1740877,-0.4876573,-0.1706535
-0.07371095,1.029429,-10.02661,-5.08895,0.9762634,-5.08895,-0.6366162,-0.04465889,0.7698866,-0.1795788,-0.4741323,-0.175996
-0.07407409,1.029247,-10.02657,-5.087513,0.9740919,-5.087513,-0.6359055,-0.0463132,0.7703761,-0.1862534,-0.4787138,-0.1825216
-0.07416385,1.029522,-10.0264,-5.084982,0.9742752,-5.084982,-0.6343908,-0.04627451,0.7716262,-0.1860318,-0.4897625,-0.1823168
-0.07408342,1.029776,-10.02663,-5.085824,0.9772792,-5.085824,-0.6346315,-0.04405031,0.7715585,-0.1771398,-0.4884598,-0.1735906
-0.07377703,1.029721,-10.02699,-5.081746,0.97776,-5.081746,-0.6321658,-0.04352681,0.7736096,-0.1750527,-0.5064669,-0.1715429
-0.07348473,1.030206,-10.02668,-5.071394,0.980699,-5.071394,-0.6260511,-0.04122961,0.7786914,-0.1657536,-0.5514205,-0.1624586
-0.07336512,1.030621,-10.02656,-5.065921,0.9850461,-5.065921,-0.6227261,-0.03791275,0.7815208,-0.1524535,-0.576077,-0.1494233
-0.07386281,1.030232,-10.02698,-5.071682,0.9836473,-5.071682,-0.6259168,-0.03888135,0.7789201,-0.156383,-0.5524774,-0.1532427
-0.07466576,1.030162,-10.02751,-5.077929,0.9835886,-5.077929,-0.6293489,-0.03898123,0.7761446,-0.1567933,-0.5269711,-0.153605
-0.07556635,1.030113,-10.02767,-5.081633,0.9825155,-5.081633,-0.6314856,-0.03989771,0.7743605,-0.1604777,-0.5107112,-0.157182
-0.07627539,1.029569,-10.02742,-5.081041,0.9767174,-5.081041,-0.6315556,-0.04432474,0.7740626,-0.1783364,-0.5089417,-0.1746474
-0.07708303,1.029135,-10.02724,-5.083777,0.9724793,-5.083777,-0.6334628,-0.047513,0.772313,-0.1911224,-0.4939704,-0.1871508
-0.0778577,1.029225,-10.02739,-5.08736,0.9727978,-5.08736,-0.6354873,-0.04735282,0.770658,-0.1904383,-0.4787579,-0.1864532
-0.07837658,1.029063,-10.02788,-5.089398,0.9721039,-5.089398,-0.63669,-0.04787976,0.769632,-0.1926156,-0.469312,-0.1885407
-0.07870216,1.029037,-10.02822,-5.092783,0.972377,-5.092783,-0.638668,-0.04764813,0.7680058,-0.1916491,-0.4545786,-0.1875767
-0.07890521,1.029398,-10.02819,-5.09821,0.9774947,-5.09821,-0.6415772,-0.04370048,0.7658126,-0.1756943,-0.4341335,-0.1719655
-0.0792269,1.029908,-10.02855,-5.109007,0.9838716,-5.109007,-0.6480105,-0.03906568,0.7606289,-0.157169,-0.387464,-0.1537986
-0.07894402,1.029434,-10.02843,-5.107718,0.9792187,-5.107718,-0.6475576,-0.04259752,0.7608249,-0.1714051,-0.3902898,-0.1677391
-0.07893794,1.029804,-10.0281,-5.112455,0.9877876,-5.112455,-0.6500445,-0.03559091,0.7590622,-0.1430597,-0.3735201,-0.1400268
-0.07896587,1.030079,-10.02807,-5.118323,0.9900735,-5.118323,-0.6539007,-0.03410962,0.755811,-0.1372328,-0.3452089,-0.1343081
-0.07899801,1.029431,-10.02764,-5.115664,0.9833364,-5.115664,-0.6525834,-0.03923383,0.7567005,-0.1578355,-0.3542166,-0.154484
-0.07927475,1.029322,-10.02746,-5.116436,0.9810187,-5.116436,-0.653278,-0.04107714,0.756003,-0.1652139,-0.3486009,-0.1617059
-0.07931872,1.0294,-10.02755,-5.117158,0.9812735,-5.117158,-0.6537433,-0.04092123,0.7556092,-0.1645747,-0.3451076,-0.1610777
-0.07934924,1.029435,-10.02743,-5.117461,0.9814618,-5.117461,-0.6539502,-0.04083276,0.7554349,-0.1642468,-0.3436368,-0.1607562
-0.07929418,1.029189,-10.02732,-5.117909,0.9797032,-5.117909,-0.6544017,-0.04209855,0.7549742,-0.1693185,-0.3400948,-0.1657272
-0.07899704,1.029377,-10.02729,-5.116749,0.9813247,-5.116749,-0.6535082,-0.04083568,0.7558171,-0.1642062,-0.3472028,-0.1607378
-0.07903875,1.029596,-10.02722,-5.11621,0.9823231,-5.11621,-0.6530825,-0.04022274,0.7562177,-0.1617858,-0.3505049,-0.1583641
-0.07919039,1.029451,-10.02723,-5.114806,0.9806302,-5.114806,-0.6522418,-0.04148758,0.7568749,-0.1668529,-0.356375,-0.163321
-0.07917074,1.029564,-10.02715,-5.113873,0.9809791,-5.113873,-0.651598,-0.04127122,0.7574409,-0.1659766,-0.3612452,-0.1624668
-0.07900924,1.029599,-10.02698,-5.112663,0.9808048,-5.112663,-0.6508321,-0.04144309,0.7580898,-0.1666743,-0.3670659,-0.1631592
-0.07880731,1.029428,-10.02678,-5.111671,0.9781275,-5.111671,-0.6504279,-0.04355107,0.7583184,-0.1751565,-0.3698168,-0.1714749
-0.07849389,1.029223,-10.02656,-5.107984,0.9757752,-5.107984,-0.6482249,-0.04528143,0.7601013,-0.1820945,-0.3859992,-0.1782878
-0.07836337,1.029323,-10.02644,-5.108085,0.9771529,-5.108085,-0.6481934,-0.04420615,0.7601914,-0.1777622,-0.3866229,-0.1740554
-0.07843485,1.029421,-10.02646,-5.108529,0.977446,-5.108529,-0.6484587,-0.04403788,0.759975,-0.1770758,-0.3846517,-0.1733815
-0.01469761,1.087556,-10.07504,-5.034883,5.946014,-5.034883,0.1562877,0.6508465,0.7429488,-0.3292155,-0.6257983,0.6174732
-0.02553351,1.087132,-10.07317,-5.100691,5.8599,-5.100691,0.02581804,0.645398,0.7634101,-0.4343524,-0.08918933,0.09009147
-0.02114157,1.085865,-10.06977,-5.079262,5.854404,-5.079262,0.04562588,0.6344186,0.771642,-0.513536,-0.1719992,0.1717766
-0.0176386,1.085767,-10.06803,-5.075751,5.852633,-5.075751,0.04337993,0.6324081,0.7734197,-0.5296323,-0.1649669,0.1645961
-0.01485853,1.085429,-10.06816,-5.077718,5.851673,-5.077718,0.03724008,0.6330054,0.7732511,-0.5265243,-0.1417996,0.1414388
-0.01319893,1.084661,-10.06933,-5.079002,5.850808,-5.079002,0.03467778,0.6334565,0.7730008,-0.5230768,-0.1324724,0.132024
-0.0138949,1.084888,-10.07014,-5.08391,5.852341,-5.08391,0.03318629,0.6360911,0.7709,-0.5035355,-0.126038,0.1256741
-0.01554953,1.0852,-10.06987,-5.088621,5.853573,-5.088621,0.02910943,0.6385808,0.7690041,-0.485965,-0.1084988,0.1084928
-0.01643937,1.085029,-10.06901,-5.08512,5.851495,-5.08512,0.02442349,0.6363145,0.7710431,-0.50383,-0.08890189,0.08932684
-0.01637543,1.084794,-10.06855,-5.083062,5.849675,-5.083062,0.01744032,0.6348465,0.7724414,-0.5155704,-0.06059846,0.0614447
-0.01488028,1.084847,-10.0685,-5.083779,5.850221,-5.083779,0.01950103,0.6353578,0.7719716,-0.5116506,-0.06988312,0.07044106
-0.01353316,1.084853,-10.06819,-5.082597,5.850552,-5.082597,0.02545086,0.6349885,0.7721023,-0.5138097,-0.0948327,0.09492858
-0.01341217,1.084759,-10.06781,-5.079481,5.849703,-5.079481,0.02741211,0.6333407,0.7733875,-0.5258389,-0.1028371,0.1028531
-0.0144272,1.084799,-10.06793,-5.081387,5.849938,-5.081387,0.0245594,0.6342523,0.772736,-0.51947,-0.09065346,0.09091725
-0.01560666,1.085052,-10.06816,-5.083926,5.850462,-5.083926,0.0197872,0.6354732,0.7718694,-0.5109284,-0.0705907,0.07121456
-0.01604081,1.084963,-10.06787,-5.082303,5.849419,-5.082303,0.01573611,0.6344075,0.7728386,-0.5192754,-0.05388126,0.05480324
-0.01591966,1.085069,-10.06794,-5.084539,5.850138,-5.084539,0.01325464,0.6356383,0.7718732,-0.5103865,-0.04390866,0.04492319
-0.01565051,1.085109,-10.06817,-5.087373,5.85113,-5.087373,0.01132033,0.6372522,0.7705722,-0.4985416,-0.03625078,0.03730286
-0.01555562,1.085137,-10.06841,-5.088514,5.851472,-5.088514,0.009692838,0.6378788,0.7700758,-0.4938698,-0.0297186,0.03083315
-0.0157249,1.085235,-10.06876,-5.09071,5.852417,-5.09071,0.008684198,0.6391539,0.7690299,-0.4843645,-0.02554017,0.02669652
-0.01637423,1.085276,-10.06921,-5.092615,5.853103,-5.092615,0.00633576,0.6402398,0.768149,-0.4761879,-0.01563156,0.01695629
-0.01683341,1.085423,-10.06954,-5.095531,5.8544,-5.095531,0.003132276,0.6419827,0.7667127,-0.4632094,-0.002378247,0.003883714
-0.01697191,1.085204,-10.06924,-5.092042,5.852814,-5.092042,0.002217663,0.6398871,0.7684658,-0.4788988,0.001440367,0.0001826556
-0.01711804,1.085091,-10.06881,-5.089881,5.851865,-5.089881,-0.001253261,0.6386433,0.7695019,-0.4882813,0.01561993,-0.01375891
-0.01731776,1.084995,-10.06853,-5.088492,5.851331,-5.088492,-0.003939384,0.6378778,0.7701276,-0.494035,0.02664299,-0.02459484
-0.06457096,1.040138,-10.03124,-0.2319292,1.089954,-0.2319292,-0.4552024,0.02452056,0.8900503,0.1959455,0.1387715,0.09639019
-0.06681111,1.034617,-10.02421,-0.2295555,0.9756264,-0.2295555,-0.4549153,-0.0297205,0.8900387,-0.238598,0.1355515,-0.1174255
-0.06678106,1.033872,-10.0227,-0.2250047,0.9678892,-0.2250047,-0.4510343,-0.03306386,0.891894,-0.2651002,0.09653997,-0.1304833
-0.06594329,1.034198,-10.02411,-0.2283802,0.9856564,-0.2283802,-0.4507662,-0.02434926,0.8923099,-0.1952046,0.09265661,-0.09608267
-0.06460483,1.034611,-10.02465,-0.2277423,0.9983753,-0.2277423,-0.447919,-0.01822035,0.8938885,-0.1461129,0.06283045,-0.07193506
-0.06385683,1.034632,-10.02379,-0.2258602,1.000045,-0.2258602,-0.4456654,-0.01738723,0.8950307,-0.1394026,0.03940535,-0.06864766
-0.06393465,1.034551,-10.0222,-0.2250963,0.9955949,-0.2250963,-0.4455128,-0.01960257,0.8950609,-0.1571805,0.03755236,-0.07741351
-0.06393748,1.033758,-10.02132,-0.2228523,0.9825347,-0.2228523,-0.4452494,-0.02576644,0.8950358,-0.2066248,0.03522873,-0.1017745
-0.06366192,1.033499,-10.02126,-0.2214458,0.9772431,-0.2214458,-0.4447783,-0.02824373,0.8951953,-0.2264236,0.03060055,-0.1115332
-0.0635106,1.033737,-10.02115,-0.2219381,0.9786415,-0.2219381,-0.445075,-0.02766006,0.895066,-0.2217328,0.03334284,-0.1092271
-0.0636486,1.033903,-10.02131,-0.2236849,0.9804214,-0.2236849,-0.4466357,-0.02685117,0.8943129,-0.2152479,0.048985,-0.1060279
-0.06398956,1.033683,-10.02146,-0.224752,0.9779727,-0.224752,-0.4483252,-0.02798488,0.8934324,-0.2243865,0.06630564,-0.1105205
-0.06465089,1.033261,-10.0212,-0.2255984,0.9704968,-0.2255984,-0.4510905,-0.03149373,0.8919224,-0.2525191,0.09481478,-0.1243638
-0.06527239,1.032951,-10.02051,-0.2259653,0.9617819,-0.2259653,-0.4541605,-0.0356554,0.8902061,-0.2858736,0.1263971,-0.1407829
-0.06550253,1.032544,-10.02008,-0.223994,0.9516625,-0.223994,-0.4551696,-0.04043009,0.8894864,-0.3241134,0.1373334,-0.1596136
-0.06569229,1.032349,-10.02013,-0.2222166,0.942758,-0.2222166,-0.4565604,-0.04468616,0.8885695,-0.3582227,0.1522546,-0.1764033
-0.06554431,1.032386,-10.02054,-0.222247,0.9441016,-0.222247,-0.4559567,-0.04403471,0.888912,-0.3529877,0.1461086,-0.1738229
-0.06505116,1.032957,-10.02095,-0.2246454,0.9529625,-0.2246454,-0.4556551,-0.03994175,0.8892599,-0.3201457,0.1421146,-0.1576589
-0.0641253,1.033312,-10.02105,-0.2238996,0.9584364,-0.2238996,-0.4527906,-0.03744659,0.8908302,-0.3001687,0.1123304,-0.1478477
-0.06283486,1.033728,-10.02091,-0.2203072,0.965394,-0.2203072,-0.4465695,-0.03422881,0.894094,-0.2743658,0.04859304,-0.135176
-0.061326,1.033694,-10.02076,-0.213406,0.9652733,-0.213406,-0.4395472,-0.03430226,0.8975642,-0.2750026,-0.02254438,-0.1355335
-0.06010893,1.033635,-10.0205,-0.2039566,0.9635192,-0.2039566,-0.4314352,-0.03510997,0.9014605,-0.2814522,-0.1039348,-0.1387499
-0.05985814,1.03379,-10.02024,-0.2014171,0.9630672,-0.2014171,-0.4294695,-0.03540606,0.9023871,-0.2838266,-0.1236258,-0.1399311
-0.06000449,1.033568,-10.02024,-0.2014977,0.9596673,-0.2014977,-0.4302242,-0.03697886,0.9019644,-0.2964302,-0.1157994,-0.1461406
-0.06030072,1.033641,-10.0203,-0.2037325,0.9611781,-0.2037325,-0.4317594,-0.03627372,0.9012591,-0.2907758,-0.1004705,-0.1433435
-0.06063045,1.033667,-10.02053,-0.2061618,0.962166,-0.2061618,-0.4336123,-0.03580011,0.9003881,-0.286977,-0.08186007,-0.1414583
-0.06091928,1.033824,-10.02092,-0.2085116,0.9646751,-0.2085116,-0.4351332,-0.0346357,0.8996997,-0.2776459,-0.06660509,-0.1368455
-0.06107468,1.034092,-10.02137,-0.2111619,0.9681492,-0.2111619,-0.4368029,-0.03302399,0.8989509,-0.2646931,-0.04999065,-0.1304516
-0.06071845,1.035295,-10.02105,-0.2106197,0.9781957,-0.2106197,-0.4345577,-0.02862448,0.900189,-0.2294181,-0.07325125,-0.1130787
-0.06052308,1.03565,-10.02105,-0.2119743,0.9822573,-0.2119743,-0.4351519,-0.02681528,0.8999577,-0.2149816,-0.06771183,-0.1059665
-0.06075609,1.035452,-10.0215,-0.2148643,0.9808391,-0.2148643,-0.438031,-0.02744947,0.8985407,-0.2201145,-0.03870916,-0.1084865
-0.06112335,1.034488,-10.02213,-0.2134021,0.9742703,-0.2134021,-0.43769,-0.03025199,0.8986169,-0.2426209,-0.0412569,-0.1195625
-0.0609309,1.034439,-10.02213,-0.2122057,0.9745715,-0.2122057,-0.4364919,-0.03003501,0.8992067,-0.2408083,-0.0533309,-0.1186742
-0.06087693,1.034306,-10.02207,-0.2105746,0.9726898,-0.2105746,-0.4353569,-0.03091458,0.899727,-0.2478807,-0.06454706,-0.1221616
-0.06076648,1.034188,-10.02223,-0.210679,0.9717457,-0.210679,-0.4356216,-0.0313214,0.8995848,-0.2511392,-0.06188917,-0.1237683
-0.06074064,1.034063,-10.0223,-0.2098818,0.9718695,-0.2098818,-0.434842,-0.03118856,0.8999665,-0.2500632,-0.06964111,-0.1232379
-0.06108612,1.034199,-10.0224,-0.2109738,0.9736224,-0.2109738,-0.4354759,-0.030385,0.8996875,-0.2436206,-0.06317234,-0.1200533
-0.06195822,1.034179,-10.02291,-0.2146991,0.9731664,-0.2146991,-0.4389773,-0.0306041,0.8979768,-0.2453839,-0.0275321,-0.1208946
-0.06226497,1.033963,-10.02309,-0.218171,0.9705514,-0.218171,-0.4429854,-0.0318183,0.895964,-0.2551612,0.01283932,-0.1257017
-0.0284728,1.03126,-10.01264,4.819434,0.8601504,4.819434,-0.006528273,-0.06055008,0.9981438,-0.7272918,0.1011411,0.001378701
-0.0272367,1.03088,-10.01143,4.832631,0.8452101,4.832631,0.001145373,-0.06536116,0.997861,-0.7849522,0.007987812,0.001424202
-0.02975293,1.031118,-10.01146,4.871994,0.8516958,4.871994,-0.03890778,-0.06223749,0.9973027,-0.7473711,0.4909879,0.001483306
-0.02952486,1.031953,-10.01275,4.859601,0.8734413,4.859601,-0.04428933,-0.0552223,0.9974914,-0.6631713,0.5554837,0.001306957
-0.02982254,1.032624,-10.01439,4.858181,0.8908271,4.858181,-0.04999474,-0.04941244,0.9975264,-0.5934436,0.6243116,0.001182627
-0.03058711,1.033553,-10.01531,4.885458,0.9113438,4.885458,-0.06198172,-0.04216188,0.9971864,-0.5063792,0.7689396,0.001036605
-0.02979763,1.034012,-10.01559,4.85084,0.9247428,4.85084,-0.05673893,-0.03819257,0.9976583,-0.4587734,0.705356,0.0009111864
-0.02859006,1.033833,-10.0158,4.819688,0.9179334,4.819688,-0.04346276,-0.04099667,0.9982135,-0.4925125,0.5449336,0.0009361799
-0.02857393,1.033979,-10.01598,4.81435,0.9212961,4.81435,-0.04187023,-0.03991305,0.9983255,-0.4794298,0.5257989,0.0009139362
-0.02836145,1.034181,-10.01596,4.811953,0.9247768,4.811953,-0.04166279,-0.03880343,0.9983779,-0.4661478,0.5231373,0.0008799313
-0.02811259,1.033954,-10.01586,4.812967,0.9197521,4.812967,-0.04065654,-0.04048899,0.9983525,-0.4863906,0.5108464,0.0009102011
-0.02782865,1.033883,-10.01564,4.810433,0.9176204,4.810433,-0.03854107,-0.04126995,0.9984044,-0.4957945,0.4852029,0.0009173159
-0.02768162,1.033774,-10.01526,4.813856,0.9116173,4.813856,-0.03834715,-0.04328378,0.9983266,-0.5199082,0.4827424,0.0009595251
-0.02731817,1.033805,-10.01533,4.81337,0.9142671,4.81337,-0.03906995,-0.0423692,0.9983378,-0.5089408,0.4911374,0.0009263447
-0.02718027,1.033764,-10.01558,4.811418,0.9161059,4.811418,-0.03865594,-0.04173993,0.9983804,-0.5014098,0.4860616,0.0009071771
-0.02735971,1.03372,-10.01593,4.810429,0.9165975,4.810429,-0.03828693,-0.04155167,0.9984025,-0.4991241,0.4817841,0.0009104607
-0.02758595,1.033862,-10.01636,4.806211,0.9228351,4.806211,-0.03797787,-0.03944745,0.9984997,-0.4738523,0.4782676,0.0008718423
-0.02777125,1.033854,-10.0164,4.805335,0.9237693,4.805335,-0.03774031,-0.03914771,0.9985205,-0.4703157,0.475563,0.0008686327
-0.02792084,1.033654,-10.0161,4.81041,0.9172469,4.81041,-0.03848151,-0.04130949,0.9984051,-0.4962542,0.4845757,0.0009224336
-0.02788476,1.033479,-10.01585,4.813517,0.9122051,4.813517,-0.03846336,-0.04298201,0.9983352,-0.5163239,0.4843187,0.0009590352
-0.0277911,1.033573,-10.01587,4.813748,0.9144132,4.813748,-0.03937748,-0.04223152,0.9983315,-0.507316,0.4952263,0.0009389007
-0.02753847,1.03389,-10.01586,4.807672,0.9214703,4.807672,-0.03837668,-0.03990836,0.9984661,-0.479336,0.4830056,0.0008819941
-0.02747115,1.034159,-10.01611,4.807056,0.9275962,4.807056,-0.03997513,-0.03785022,0.9984835,-0.454659,0.5021604,0.000833089
-0.02711272,1.034159,-10.01625,4.805339,0.9261483,4.805339,-0.03850639,-0.03840824,0.99852,-0.4614202,0.4842355,0.0008322408
-0.0263761,1.033858,-10.01617,4.802772,0.9130923,4.802772,-0.03190687,-0.04298151,0.9985663,-0.5163474,0.404366,0.0009065305
-0.02591838,1.033747,-10.01597,4.801084,0.9061379,4.801084,-0.02719263,-0.04543901,0.998597,-0.5458423,0.3473638,0.0009423012
-0.02568604,1.033841,-10.01599,4.79976,0.9062585,4.79976,-0.02605627,-0.04545476,0.9986265,-0.5460388,0.3335293,0.0009340455
-0.02557289,1.033944,-10.01625,4.798525,0.9072198,4.798525,-0.02545096,-0.04516165,0.9986554,-0.5425058,0.3261728,0.0009244513
-0.02569734,1.033996,-10.01665,4.798702,0.9103261,4.798702,-0.02732207,-0.04406919,0.9986548,-0.5293968,0.3487594,0.0009065452
-0.02577086,1.034093,-10.01685,4.79928,0.9108183,4.79928,-0.02800507,-0.04392618,0.9986422,-0.5277086,0.3570269,0.0009055408
-0.02590808,1.034292,-10.01679,4.800565,0.9124707,4.800565,-0.02978655,-0.0433826,0.9986144,-0.5211629,0.3785359,0.0008994734
-0.02602762,1.034028,-10.01679,4.805161,0.9072275,4.805161,-0.03084264,-0.04508504,0.9985069,-0.541637,0.3913172,0.0009384376
-0.02604941,1.033994,-10.0167,4.80646,0.9059568,4.80646,-0.0311867,-0.04550436,0.9984772,-0.5466762,0.3954649,0.0009477923
-0.02598862,1.033925,-10.01652,4.80954,0.903489,4.80954,-0.03221866,-0.0462992,0.9984079,-0.5562068,0.407807,0.0009624362
-0.02571466,1.033747,-10.0164,4.812759,0.8982209,4.812759,-0.03193237,-0.04805389,0.9983342,-0.5772986,0.4041444,0.0009878427
-0.02549634,1.033417,-10.01651,4.816236,0.8918909,4.816236,-0.03120593,-0.05011496,0.9982558,-0.6020632,0.3952447,0.001021515
-0.02555963,1.033524,-10.01666,4.813721,0.8950876,4.813721,-0.031129,-0.04905483,0.9983109,-0.5892993,0.3943765,0.001003467
-0.02588771,1.033436,-10.01683,4.814402,0.8952242,4.814402,-0.03168888,-0.04896349,0.9982978,-0.5882125,0.4013674,0.001014277
-0.02619226,1.033363,-10.01704,4.816768,0.893378,4.816768,-0.03232284,-0.04955714,0.9982481,-0.5953814,0.4092312,0.001037734
-0.02637613,1.033443,-10.01745,4.812069,0.8978173,4.812069,-0.03139044,-0.04807878,0.9983502,-0.5775835,0.3981897,0.001015551
